"Reference","Qty","Value","DNP","Exclude from BOM","Exclude from Board","Footprint","Datasheet"
"C1","1","0.8p","","","","Capacitor_SMD:C_0603_1608Metric",""
"C2,C29,C30,C31,C32","5","100n","","","","Capacitor_SMD:C_0603_1608Metric",""
"C3,C4,C11,C16,C18,C20","6","100p","","","","Capacitor_SMD:C_0603_1608Metric",""
"C5","1","20p","","","","Capacitor_SMD:C_0603_1608Metric",""
"C6,C13","2","2.2u","","","","Capacitor_SMD:C_0603_1608Metric",""
"C7","1","10u","","","","Capacitor_SMD:C_0805_2012Metric",""
"C8","1","1n","","","","Capacitor_SMD:C_0603_1608Metric",""
"C9,C10,C12","3","0.1u","","","","Capacitor_SMD:C_0603_1608Metric",""
"C14","1","22p","","","","Capacitor_SMD:C_0603_1608Metric",""
"C15","1","3p","","","","Capacitor_SMD:C_0603_1608Metric",""
"C17","1","1.5p","","","","Capacitor_SMD:C_0603_1608Metric",""
"C19","1","2.2n","","","","Capacitor_SMD:C_0603_1608Metric",""
"C28","1","4.7n","","","","Capacitor_SMD:C_0603_1608Metric",""
"D2","1","AMBER","","","","LED_SMD:LED_0603_1608Metric","https://www.we-online.com/catalog/datasheet/150060AS75000.pdf"
"FL1,FL2","2","RBP-440+","","","","RF Frontend Footprints:RBP440","https://www.minicircuits.com/WebStore/dashboardPdf?model=RBP-440%2B"
"IC1,IC4","2","QPC1022SR","","","","RF Frontend Footprints:QPC1022SR","https://www.mouser.fr/datasheet/2/412/QPC1022_Data_Sheet-1504711.pdf"
"IC2","1","GRF5504","","","","RF Frontend Footprints:GR5504","https://www.guerrilla-rf.com/products/DataSheet?sku=5504&file_name=GRF5504DS.pdf"
"IC3","1","LHA-13LN+","","","","RF Frontend Footprints:LHA13LN","https://www.minicircuits.com/pdfs/LHA-13LN+.pdf"
"J2,J3,J6","3","Conn_01x02","","","","Connector_PinSocket_2.54mm:PinSocket_1x02_P2.54mm_Vertical",""
"J4","1","Conn_Coaxial","","","","Connector_Coaxial:SMA_Molex_73251-1153_EdgeMount_Horizontal",""
"J5","1","Conn_01x05","","","","Connector_PinSocket_2.54mm:PinSocket_1x05_P2.54mm_Vertical",""
"L1","1","8.2n","","","","Inductor_SMD:L_0603_1608Metric",""
"L2","1","15u","","","","Inductor_SMD:L_1210_3225Metric",""
"L3","1","5.6n","","","","Inductor_SMD:L_0805_2012Metric",""
"L4","1","23n","","","","Inductor_SMD:L_0805_2012Metric",""
"L5","1","2.7n","","","","Inductor_SMD:L_0603_1608Metric",""
"L6","1","5.1n","","","","Inductor_SMD:L_0603_1608Metric",""
"R1,R2,R3,R8","4","10k","","","","Resistor_SMD:R_0603_1608Metric",""
"R4,R9","2","5.6k","","","","Resistor_SMD:R_0603_1608Metric",""
"R5","1","3.3k","","","","Resistor_SMD:R_0603_1608Metric",""
"R6","1","6.8k","","","","Resistor_SMD:R_0603_1608Metric",""
"R7","1","1.5k","","","","Resistor_SMD:R_0603_1608Metric",""
"R10","1","100k","","","","Resistor_SMD:R_0603_1608Metric",""
"R11,R12","2","0","","","","Resistor_SMD:R_0603_1608Metric",""
"R13","1","3k","","","","Resistor_SMD:R_0603_1608Metric",""
"TP4","1","TestPoint","","","","TestPoint:TestPoint_THTPad_1.5x1.5mm_Drill0.7mm",""
"U1","1","AT86RF215-ZU","","","","RF Frontend Footprints:QFN-48-1EP_7x7mm_P0.5mm_EP5.6x5.6mm","AT86RF215-ZU"
"U3","1","NCS-62+","","","","RF Frontend Footprints:NCS262","https://www.mouser.com/datasheet/3/3705/1/NCS2-62+.pdf"
"X1","1","TYETACSANF-26.000000","","","","RF Frontend Footprints:X_TCXO_SMD_Taitien_2.5x2.0mm","https://www.taitien.com/wp-content/uploads/2015/12/XO-0081_TY.pdf"
