"Id";"Designator";"Footprint";"Quantity";"Designation";"Supplier and ref";
1;"C1, C3, C4, C5, C6, C7, C8, C9, C10, C19, C20, C22";"C_0603_1608Metric";12;"100n";;;
2;"C2";"C_0603_1608Metric";1;"4.7n";;;
3;"C11";"C_0603_1608Metric";1;"10p";;;
4;"C12, C29";"C_0603_1608Metric";2;"2.2n";;;
5;"C13, C14, C21, C26, C28, C30";"C_0603_1608Metric";6;"100p";;;
6;"C15";"C_0603_1608Metric";1;"20p";;;
7;"C16, C23";"C_0603_1608Metric";2;"2.2u";;;
8;"C17";"C_0805_2012Metric";1;"10u";;;
9;"C18";"C_0603_1608Metric";1;"1n";;;
10;"C24";"C_0603_1608Metric";1;"22p";;;
11;"C25";"C_0603_1608Metric";1;"3p";;;
12;"C27";"C_0603_1608Metric";1;"1.5p";;;
13;"D1";"LED_0603_1608Metric";1;"AMBER";;;
14;"FL1, FL2";"RBP440";2;"RBP-440+";;;
15;"IC1, IC4";"QPC1022SR";2;"QPC1022SR";;;
16;"IC2";"GR5504";1;"GRF5504";;;
17;"IC3";"LHA13LN";1;"LHA-13LN+";;;
18;"J1";"PinSocket_1x05_P2.54mm_Vertical";1;"Conn_01x05";;;
19;"J2, J3";"PinSocket_1x02_P2.54mm_Vertical";2;"Conn_01x02";;;
20;"J4";"PinSocket_1x01_P2.54mm_Vertical";1;"Conn_01x01";;;
21;"J5";"TAOGLAS_PCB.SMAFST.2H.A.HT";1;"PCB.SMAFST.2H.A.HT";;;
22;"L1";"L_0603_1608Metric";1;"8.2n";;;
23;"L2";"L_1210_3225Metric";1;"15u";;;
24;"L3";"L_0805_2012Metric";1;"5.6n";;;
25;"L4";"L_0805_2012Metric";1;"23n";;;
26;"L5";"L_0603_1608Metric";1;"2.7n";;;
27;"L6";"L_0603_1608Metric";1;"5.1n";;;
28;"R1";"R_0603_1608Metric";1;"100k";;;
29;"R2";"R_0603_1608Metric";1;"0";;;
30;"R3";"R_0603_1608Metric";1;"3k";;;
31;"R4, R5, R6, R11";"R_0603_1608Metric";4;"10k";;;
32;"R7, R12";"R_0603_1608Metric";2;"5.6k";;;
33;"R8";"R_0603_1608Metric";1;"3.3k";;;
34;"R9";"R_0603_1608Metric";1;"6.8k";;;
35;"R10";"R_0603_1608Metric";1;"1.5k";;;
36;"TP9";"TestPoint_THTPad_1.5x1.5mm_Drill0.7mm";1;"TestPoint";;;
37;"U1";"QFN48_PQ_MCH";1;"AT86RF215-ZU";;;
38;"U2";"NCS262";1;"NCS-62+";;;
39;"X1";"X_TCXO_SMD_Taitien_2.5x2.0mm";1;"TYETACSANF-26.000000";;;
